dev,CLUB,ebnr,ebnr@mailinator.com,+201045205467
dev,CLUB,jxmh,jxmh@mailinator.com,+201025304689
dev,CLUB,nvfh,nvfh@mailinator.com,+201089844952
dev,CLUB,alyp,alyp@mailinator.com,+201041383294
dev,CLUB,mjqx,mjqx@mailinator.com,+201025823547
dev,CLUB,kobr,kobr@mailinator.com,+201034821756
dev,CLUB,ngqz,ngqz@mailinator.com,+201097946075
dev,CLUB,hzei,hzei@mailinator.com,+201069961164
dev,CLUB,sugr,sugr@mailinator.com,+201013879541
dev,CLUB,ifvk,ifvk@mailinator.com,+201033293474
dev,CLUB,mvos,mvos@mailinator.com,+201095753745
local,CLUB,aimu,aimu@mailinator.com,+201006846068
dev,CLUB,xvih,xvih@mailinator.com,+201029664402
dev,CLUB,kyrb,kyrb@mailinator.com,+201054489442
dev,CLUB,ucqg,ucqg@mailinator.com,+201077168823
dev,CLUB,mgfs,mgfs@mailinator.com,+201052790820
dev,CLUB,kbwa,kbwa@mailinator.com,+201055527300
dev,CLUB,pudw,pudw@mailinator.com,+201069293979
dev,CLUB,lyjc,lyjc@mailinator.com,+201086413811
dev,CLUB,xtbr,xtbr@mailinator.com,+201084617639
dev,CLUB,vwsr,vwsr@mailinator.com,+201018202116
dev,CLUB,nilp,nilp@mailinator.com,+201050840670
dev,CLUB,pxgi,pxgi@mailinator.com,+201011552842
dev,CLUB,kxvp,kxvp@mailinator.com,+201028021717
dev,CLUB,aiao,aiao@mailinator.com,+201094386445
dev,CLUB,dysa,dysa@mailinator.com,+201006055701
dev,CLUB,kicx,kicx@mailinator.com,+201091176049
dev,CLUB,hcjt,hcjt@mailinator.com,+201084842709
dev,CLUB,lypw,lypw@mailinator.com,+201044608326
dev,CLUB,aqns,aqns@mailinator.com,+201073032254
dev,CLUB,uckf,uckf@mailinator.com,+201068503147
dev,CLUB,wfak,wfak@mailinator.com,+201003949765
dev,CLUB,wfak,wfak@mailinator.com,+201003949765
dev,CLUB,gnmj,gnmj@mailinator.com,+201076539239
dev,CLUB,jkxo,jkxo@mailinator.com,+201052029281
dev,CLUB,tbhd,tbhd@mailinator.com,+201055822894
dev,CLUB,zrou,zrou@mailinator.com,+201082387465
dev,CLUB,ueap,ueap@mailinator.com,+201014330964
dev,CLUB,xalu,xalu@mailinator.com,+201093829716
dev,CLUB,rxwz,rxwz@mailinator.com,+201071834601
dev,CLUB,oizq,oizq@mailinator.com,+201095467178
dev,CLUB,xfhz,xfhz@mailinator.com,+201020602223
dev,CLUB,qvnj,qvnj@mailinator.com,+201071898356
dev,CLUB,vfpd,vfpd@mailinator.com,+201082066470
dev,CLUB,ovvn,ovvn@mailinator.com,+201013250693
dev,CLUB,xmsc,xmsc@mailinator.com,+201046762530
dev,CLUB,mkyv,mkyv@mailinator.com,+201052116480
dev,CLUB,lkef,lkef@mailinator.com,+201028709462
local,CLUB,zlai,zlai@mailinator.com,+201000673712
local,CLUB,wdqz,wdqz@mailinator.com,+201011479997
local,CLUB,erck,erck@mailinator.com,+201059029270
local,CLUB,asip,asip@mailinator.com,+201093918195
local,CLUB,ssam,ssam@mailinator.com,+201080043233
local,CLUB,mnfy,mnfy@mailinator.com,+201005369765
local,CLUB,xvoq,xvoq@mailinator.com,+201054789617
local,CLUB,mqyv,mqyv@mailinator.com,+201036178794
local,CLUB,wggx,wggx@mailinator.com,+201054993295
local,CLUB,kgtm,kgtm@mailinator.com,+201047259281
local,CLUB,ogxd,ogxd@mailinator.com,+201065366193
local,CLUB,dtti,dtti@mailinator.com,+201008578705
local,CLUB,drua,drua@mailinator.com,+201024996794
