env,role,name,email,phone,used
qa,PLAYER,mebmelshabory,mebmelshabory@mailinator.com,+201033280865,true
qa,PLAYER,fnucelshabory,fnucelshabory@mailinator.com,+201062268153,true
qa,PLAYER,yrywelshabory,yrywelshabory@mailinator.com,+201026965814,true
qa,PLAYER,iqeielshabory,iqeielshabory@mailinator.com,+201067699017
qa,PLAYER,zfctelshabory,zfctelshabory@mailinator.com,+201041725197
qa,PLAYER,npnjelshabory,npnjelshabory@mailinator.com,+201055868965
dev,PLAYER,yavrelshabory,yavrelshabory@mailinator.com,+201075893879
dev,PLAYER,kquaelshabory,kquaelshabory@mailinator.com,+201048516189
dev,PLAYER,vpucelshabory,kquaelshabory@mailinator.com,+201034632654
dev,PLAYER,sjjxelshabory,sjjxelshabory@mailinator.com,+201072788057
dev,PLAYER,mygbelshabory,mygbelshabory@mailinator.com,+201013945389
local,PLAYER,lnouelshabory,lnouelshabory@mailinator.com,+201056286464,true
local,PLAYER,hyjjelshabory,hyjjelshabory@mailinator.com,+201015263191,true
local,PLAYER,estnelshabory,estnelshabory@mailinator.com,+201024057829,true
local,PLAYER,cibselshabory,cibselshabory@mailinator.com,+201027299883
local,PLAYER,vxhzelshabory,vxhzelshabory@mailinator.com,+201002098545
qa,CONTENT_CREATOR,wkauelshabory,wkauelshabory@mailinator.com,+201090728977
qa,CONTENT_CREATOR,amcdelshabory,amcdelshabory@mailinator.com,+201034206542
qa,CONTENT_CREATOR,ewldelshabory,ewldelshabory@mailinator.com,+201040897460
qa,CONTENT_CREATOR,rulmelshabory,rulmelshabory@mailinator.com,+201075937811
qa,CONTENT_CREATOR,cenmelshabory,cenmelshabory@mailinator.com,+201093104438
qa,PLAYER,pwzcelshabory,pwzcelshabory@mailinator.com,+201017035294
qa,PLAYER,plwhelshabory,plwhelshabory@mailinator.com,+201001204142
qa,CONTENT_CREATOR,yjvselshabory,yjvselshabory@mailinator.com,+201005172719
qa,CONTENT_CREATOR,xywoelshabory,xywoelshabory@mailinator.com,+201040585204
qa,CONTENT_CREATOR,zaxvelshabory,zaxvelshabory@mailinator.com,+201098768122
cr,PLAYER,zntaelshabory,zntaelshabory@mailinator.com,+201097327618
qa,PLAYER,qurrelshabory,qurrelshabory@mailinator.com,+201060649764
uat,PLAYER,wwzfelshabory,wwzfelshabory@mailinator.com,+201022789928
uat,PLAYER,dwepelshabory,dwepelshabory@mailinator.com,+201009861503
uat,PLAYER,hoowelshabory,hoowelshabory@mailinator.com,+201027514048
uat,PLAYER,ltymelshabory,ltymelshabory@mailinator.com,+201056910817
uat,PLAYER,ascielshabory,ascielshabory@mailinator.com,+201085516922
